node_id,x,y,radius
1,457,18,20.396078054371138
2,313,21,30.0
3,937,286,15.132745950421556
4,321,685,25.079872407968907
5,71,719,35.90264614203248
6,892,859,21.0
7,527,873,31.064449134018133
8,351,881,23.769728648009426
