node_id,x,y,radius
1,126,35,37.33630940518894
2,875,139,38.3275357934736
3,727,148,27.85677655436824
4,875,174,48.30113870293329
5,935,193,45.12205669071391
6,1016,210,57.9396237474839
7,977,212,56.71860364994893
8,254,330,64.19501538281614
9,1054,539,63.60031446463138
10,901,547,72.89718787443039
11,1027,551,49.0
12,873,573,83.6719785830358
13,860,574,76.32168761236873
14,1092,671,39.293765408777
15,703,810,83.38465086573187
16,77,854,65.7419196555744
17,765,853,51.62363799656123
