node_id,x,y,radius
1,551,95,30.01666203960727
2,196,218,20.396078054371138
3,557,328,18.027756377319946
4,1036,341,29.966648127543394
5,294,344,22.090722034374522
6,226,466,24.0
7,115,483,27.892651361962706
8,75,556,24.186773244895647
9,95,649,32.57299494980466
10,22,734,24.515301344262525
11,658,771,25.495097567963924
12,455,798,33.52610922848042
13,515,824,27.16615541441225
14,374,855,40.162171256046406
