node_id,x,y,radius
1,469,18,20.0
2,275,48,28.0
3,1074,92,40.8166632639171
4,511,128,26.0
5,477,211,31.0
6,220,225,26.40075756488817
7,54,259,29.0
8,281,312,30.0
9,512,319,30.265491900843113
10,768,350,23.021728866442675
11,46,360,30.4138126514911
12,658,388,19.0
13,226,467,24.186773244895647
14,436,505,21.840329667841555
15,296,654,42.5440947723653
16,47,689,36.05551275463989
17,298,869,26.019223662515376
18,740,869,35.90264614203248
19,546,889,16.0
