node_id,x,y,radius
1,729,31,34.0147027033899
2,1099,75,40.0
3,866,402,23.021728866442675
4,126,476,27.0
5,17,543,19.026297590440446
6,88,560,36.0
7,768,618,16.76305461424021
8,90,622,37.0
9,498,638,27.16615541441225
10,508,667,25.942243542145693
11,891,675,24.0
12,318,679,25.059928172283335
13,72,884,20.09975124224178
