node_id,x,y,radius
1,469,15,16.0
2,1091,80,45.617978911828175
3,525,119,27.294688127912362
4,494,201,21.587033144922902
5,215,234,24.73863375370596
6,287,303,33.734255586866
7,527,325,23.08679276123039
8,48,361,29.68164415931166
9,416,370,20.396078054371138
10,657,382,17.0
11,225,466,24.0
12,117,480,22.20360331117452
13,1034,491,26.0
14,301,651,37.0
15,691,709,26.832815729997478
16,36,760,39.56008088970496
17,688,792,25.495097567963924
18,288,860,27.892651361962706
