node_id,x,y,radius
1,551,22,25.495097567963924
2,113,26,28.0
3,1065,33,36.40054944640259
4,1107,46,21.0
5,94,130,50.99019513592785
6,575,228,41.593268686170845
7,705,250,50.695167422546305
8,188,343,57.38466694161429
9,186,618,61.0
10,221,624,60.41522986797286
11,453,709,38.0
12,643,711,48.0
13,445,790,36.124783736376884
14,147,800,57.28001396647874
15,179,822,72.00694410957877
16,887,827,59.665735560705194
17,179,831,77.83315488916018
18,1028,839,65.12296062065974
19,36,879,25.709920264364882
