node_id,x,y,radius
1,1035,52,54.74486277268398
2,1118,62,13.45362404707371
3,472,65,35.34119409414458
4,1042,92,55.362442142665635
5,921,245,20.223748416156685
6,43,321,27.16615541441225
7,318,723,37.36308338453881
8,671,785,28.0
9,537,850,30.805843601498726
