node_id,x,y,radius
1,277,38,41.0
2,999,56,61.98386886924694
3,564,117,30.675723300355934
4,519,625,17.0
5,66,658,30.4138126514911
6,296,719,38.27531841800928
7,514,759,21.587033144922902
8,279,842,22.561028345356956
9,170,872,33.83784863137726
