node_id,x,y,radius
1,875,47,48.373546489791295
2,1111,97,17.11724276862369
3,963,152,59.033888572581766
4,726,533,38.3275357934736
5,969,588,92.19544457292888
6,1021,609,73.05477397131553
7,906,619,95.2732911156112
8,841,641,89.02246907382428
9,1009,705,12.165525060596439
10,1102,709,25.96150997149434
11,988,709,15.297058540778355
12,124,872,34.92849839314596
13,450,882,24.73863375370596
