node_id,x,y,radius
1,273,44,37.107950630558946
2,992,66,61.032778078668514
3,566,126,34.17601498127012
4,57,643,30.265491900843113
5,925,660,22.825424421026653
6,291,716,38.01315561749642
7,271,843,25.0
