node_id,x,y,radius
1,465,9,12.165525060596439
2,315,33,28.460498941515414
3,1093,78,43.93176527297759
4,536,114,29.0
5,289,299,29.966648127543394
6,539,326,22.02271554554524
7,47,364,26.476404589747453
8,656,377,13.0
9,223,467,24.020824298928627
10,117,477,27.892651361962706
11,307,591,24.08318915758459
12,696,707,30.870698080866262
13,33,750,35.90264614203248
14,693,781,30.675723300355934
15,361,859,28.0178514522438
