node_id,x,y,radius
1,396,20,21.0
2,113,49,29.966648127543394
3,984,65,47.0
4,173,133,22.561028345356956
5,133,467,27.65863337187866
6,662,498,23.345235059857504
7,364,500,32.28002478313795
8,595,509,31.400636936215164
9,405,709,36.6742416417845
10,511,720,25.179356624028344
11,63,731,41.97618372363071
12,1048,787,27.459060435491963
