node_id,x,y,radius
1,553,87,29.0
2,195,214,19.0
3,561,327,17.0
4,1036,340,28.0
5,295,343,22.0
6,227,466,24.0
7,114,485,26.476404589747453
8,77,555,26.1725046566048
9,646,769,26.019223662515376
10,454,799,33.24154027718932
11,522,828,25.495097567963924
12,367,853,35.4682957019364
13,950,883,23.0
