node_id,x,y,radius
1,1046,34,35.0
2,1018,50,63.694583757176716
3,1116,64,15.556349186104045
4,932,251,23.08679276123039
5,569,597,37.107950630558946
6,313,727,39.45883931389772
7,658,790,26.92582403567252
8,310,826,26.1725046566048
9,560,836,35.73513677041127
10,746,859,15.297058540778355
