node_id,x,y,radius
1,867,48,49.0
2,1111,100,17.72004514666935
3,969,163,64.89992295835181
4,223,354,64.07027391856539
5,729,531,36.22154055254967
6,975,581,92.5418824100742
7,965,585,90.24411338142782
8,845,627,87.93179174792243
9,1016,700,8.94427190999916
10,760,809,76.0
11,226,852,28.635642126552707
12,126,872,34.48187929913333
13,455,880,27.202941017470888
14,238,881,22.20360331117452
