node_id,x,y,radius
1,831,42,43.0
2,882,76,27.0
3,1115,111,13.341664064126334
4,954,120,25.079872407968907
5,953,184,55.00909015790027
6,1045,191,44.0
7,1086,193,42.2965719651132
8,234,344,67.26812023536856
9,737,524,39.0
10,985,574,92.04890004774636
11,1058,601,69.0
12,850,607,89.49860334105779
13,843,627,83.81527307120105
14,1117,790,11.0
15,742,830,92.34717104492157
16,242,846,42.941821107167776
17,125,873,30.265491900843113
18,468,877,30.59411708155671
