node_id,x,y,radius
1,385,19,21.0
2,982,61,43.289721643826724
3,1105,83,26.248809496813376
4,367,257,29.732137494637012
5,132,466,29.614185789921695
6,364,508,36.6742416417845
7,587,512,26.019223662515376
8,1121,530,9.219544457292887
9,390,704,31.04834939252005
10,511,727,23.345235059857504
11,1119,734,10.0
12,94,879,27.892651361962706
