node_id,x,y,radius
1,315,33,29.120439557122072
2,1093,77,42.579337712087536
3,541,111,29.0
4,289,300,27.730849247724095
5,546,327,21.0
6,288,343,20.024984394500787
7,1033,350,29.120439557122072
8,222,467,25.0
9,116,479,28.160255680657446
10,306,583,21.02379604162864
11,696,705,31.76476034853718
12,33,743,35.17101079013795
13,452,779,24.73863375370596
14,693,779,30.870698080866262
15,376,859,35.014282800023196
16,504,875,33.1058907144937
