node_id,x,y,radius
1,1039,53,56.515484603779164
2,471,61,36.6742416417845
3,1050,98,55.362442142665635
4,1080,99,48.0
5,921,247,19.1049731745428
6,42,317,28.160255680657446
7,1109,713,20.8806130178211
8,319,721,37.107950630558946
9,93,737,38.118237105091836
10,675,784,29.154759474226502
11,534,855,29.274562336608895
