node_id,x,y,radius
1,456,21,23.0
2,312,22,31.622776601683793
3,321,689,27.892651361962706
4,76,722,35.0
5,891,858,22.0
6,529,873,31.144823004794873
7,352,883,23.40939982143925
