node_id,x,y,radius
1,310,23,33.421549934136806
2,456,25,26.0
3,473,559,24.331050121192877
4,321,696,31.016124838541646
5,80,725,35.0
6,735,785,32.202484376209235
7,888,854,22.0
8,530,871,30.265491900843113
9,352,885,22.135943621178654
