node_id,x,y,radius
1,195,450,26.0
2,455,527,21.93171219946131
3,437,650,20.223748416156685
4,809,806,29.0
5,895,868,24.698178070456937
6,526,873,30.0
7,353,880,25.709920264364882
