node_id,x,y,radius
1,1044,54,57.723478758647246
2,469,56,38.47076812334269
3,1074,98,55.0
4,40,315,30.59411708155671
5,1109,714,21.0
6,320,717,38.3275357934736
7,92,736,38.3275357934736
8,680,784,30.0
9,874,857,21.37755832643195
10,532,862,29.0
