node_id,x,y,radius
1,2,71,3.605551275463989
2,556,80,31.575306807693888
3,353,275,18.973665961010276
4,1036,308,20.0
5,569,323,14.317821063276353
6,293,333,19.4164878389476
7,1038,343,23.021728866442675
8,225,466,27.202941017470888
9,112,488,25.0
10,81,556,29.0
11,771,632,14.0
12,98,641,35.0
13,649,760,33.0
14,978,821,20.0
15,107,878,30.083217912982647
