node_id,x,y,radius
1,547,102,31.0
2,197,223,21.840329667841555
3,554,329,18.681541692269406
4,1035,343,30.4138126514911
5,293,346,23.0
6,223,467,25.079872407968907
7,116,482,29.120439557122072
8,73,558,22.80350850198276
9,309,568,16.1245154965971
10,96,652,33.52610922848042
11,784,656,15.231546211727817
12,691,703,30.4138126514911
13,25,738,27.073972741361768
14,690,775,29.732137494637012
15,455,794,33.24154027718932
16,507,826,31.0
17,379,857,40.19950248448356
