node_id,x,y,radius
1,722,32,33.015148038438355
2,356,277,17.0
3,870,406,24.0
4,123,480,27.018512172212592
5,18,544,20.0
6,88,560,36.0
7,766,622,16.1245154965971
8,91,625,36.0
9,493,639,22.561028345356956
10,504,670,20.396078054371138
11,316,678,26.248809496813376
12,890,681,24.0
13,74,883,20.024984394500787
