node_id,x,y,radius
1,1031,51,54.12947441089743
2,473,68,35.4400902933387
3,1037,88,53.85164807134504
4,922,245,22.090722034374522
5,43,324,26.076809620810597
6,318,726,38.8329756778952
7,667,785,27.294688127912362
8,543,847,34.48187929913333
