node_id,x,y,radius
1,195,440,27.0
2,477,680,16.278820596099706
3,530,874,29.0
4,353,877,28.160255680657446
