node_id,x,y,radius
1,248,69,31.04834939252005
2,176,123,29.0
3,127,142,19.4164878389476
4,496,148,31.78049716414141
5,458,205,35.0
6,241,207,22.0
7,45,246,26.0
8,491,318,28.160255680657446
9,45,357,29.966648127543394
10,231,474,25.0
11,432,520,25.96150997149434
12,15,573,16.0
13,428,583,23.345235059857504
14,281,671,32.57299494980466
15,301,672,31.32091952673165
16,622,674,33.0
17,788,683,40.311288741492746
18,800,687,39.81205847478876
19,260,790,28.635642126552707
