node_id,x,y,radius
1,713,33,34.0
2,355,276,17.0
3,119,484,27.073972741361768
4,88,560,35.0
5,766,626,15.132745950421556
6,94,630,36.22154055254967
7,484,643,16.76305461424021
8,504,675,17.0
9,76,883,21.0
