node_id,x,y,radius
1,308,25,34.66987164671943
2,458,28,29.0
3,475,566,26.832815729997478
4,629,629,25.298221281347036
5,322,703,32.7566787083184
6,82,729,36.87817782917155
7,712,783,30.805843601498726
8,818,813,33.95585369269929
9,886,853,24.0
10,530,871,30.14962686336267
11,354,887,22.360679774997898
