node_id,x,y,radius
1,615,19,23.345235059857504
2,1023,50,59.665735560705194
3,473,74,33.54101966249684
4,13,212,13.601470508735444
5,928,249,24.331050121192877
6,565,600,37.107950630558946
7,315,727,39.84971769034255
8,662,789,25.709920264364882
9,314,821,29.410882339705484
10,554,839,36.89173349139343
