node_id,x,y,radius
1,300,27,38.2099463490856
2,989,66,54.70831746635972
3,285,714,36.6742416417845
4,605,836,26.40075756488817
5,267,843,24.331050121192877
