node_id,x,y,radius
1,1042,32,33.06055050963308
2,279,38,40.22437072223753
3,1007,49,64.40496875241847
4,564,112,27.202941017470888
5,913,673,26.68332812825267
6,303,723,38.3275357934736
7,507,778,25.0
8,648,792,24.596747752497688
9,572,825,27.85677655436824
10,291,837,23.0
11,175,866,30.870698080866262
12,730,894,10.770329614269007
