node_id,x,y,radius
1,299,28,39.293765408777
2,466,48,35.510561809129406
3,37,314,32.57299494980466
4,1109,713,22.0
5,321,714,38.897300677553446
6,90,734,38.3275357934736
7,684,784,30.01666203960727
8,878,853,23.769728648009426
9,530,867,29.274562336608895
