node_id,x,y,radius
1,743,27,33.24154027718932
2,158,54,33.52610922848042
3,1099,79,39.59797974644666
4,18,83,24.041630560342615
5,579,327,15.0
6,870,393,22.80350850198276
7,129,472,27.0
8,15,541,17.0
9,88,560,36.0
10,770,612,15.524174696260024
11,90,618,39.0
12,503,633,30.0
13,890,664,23.0
14,341,847,31.064449134018133
15,72,886,19.0
