node_id,x,y,radius
1,394,20,21.0
2,983,64,46.0
3,1115,82,16.55294535724685
4,177,134,24.186773244895647
5,363,267,27.730849247724095
6,134,466,29.832867780352597
7,366,504,36.40054944640259
8,592,509,29.732137494637012
9,402,707,37.94733192202055
10,512,722,24.0
11,1050,789,27.0
