node_id,x,y,radius
1,979,57,42.2965719651132
2,1100,82,30.675723300355934
3,129,468,28.0
4,677,474,29.5296461204668
5,578,515,25.179356624028344
6,1117,537,12.36931687685298
7,363,716,21.0
8,512,730,23.0
9,578,805,32.38826948140329
10,91,878,28.792360097775937
11,716,881,25.0
