node_id,x,y,radius
1,132,137,35.77708763999664
2,196,436,27.16615541441225
3,537,876,28.160255680657446
4,355,877,29.832867780352597
