node_id,x,y,radius
1,972,47,38.3275357934736
2,30,77,25.0
3,1098,81,39.0
4,187,139,32.984845004941285
5,128,469,27.0
6,565,524,26.92582403567252
7,100,609,35.11409973215888
8,507,733,20.024984394500787
9,565,793,30.14962686336267
10,726,842,19.1049731745428
11,85,881,25.96150997149434
