node_id,x,y,radius
1,1045,32,33.015148038438355
2,1010,49,64.47480127925948
3,1111,53,17.88854381999832
4,563,110,23.021728866442675
5,911,674,26.92582403567252
6,307,725,38.8329756778952
7,450,784,29.0
8,651,792,25.632011235952593
9,568,827,30.463092423455635
10,297,834,24.0
