node_id,x,y,radius
1,754,22,29.732137494637012
2,219,57,26.248809496813376
3,1098,80,39.11521443121589
4,22,82,26.1725046566048
5,180,135,29.0
6,129,470,27.0
7,8,538,11.661903789690601
8,90,567,37.21558813185679
9,92,612,39.6232255123179
10,504,629,25.317977802344327
11,626,761,25.495097567963924
12,333,856,33.24154027718932
13,75,886,18.0
