node_id,x,y,radius
1,194,447,26.0
2,437,646,19.697715603592208
3,1116,700,14.0
4,527,873,30.0
5,896,874,23.769728648009426
6,353,879,26.476404589747453
