node_id,x,y,radius
1,1046,33,34.0147027033899
2,1014,50,63.56099432828282
3,1115,61,17.69180601295413
4,309,726,37.36308338453881
5,655,792,25.709920264364882
6,303,830,25.0
7,564,831,33.83784863137726
