node_id,x,y,radius
1,132,11,12.0
2,986,71,55.00909015790027
3,567,131,33.24154027718932
4,288,715,37.12142238654117
5,268,843,25.0
