node_id,x,y,radius
1,194,444,26.0
2,528,873,30.0
3,353,878,27.294688127912362
4,895,879,24.515301344262525
