node_id,x,y,radius
1,395,19,21.37755832643195
2,985,67,54.3415126767741
3,594,354,27.65863337187866
4,596,513,28.160255680657446
5,284,714,36.235341863986875
6,907,788,25.96150997149434
7,265,844,23.706539182259394
8,630,895,9.055385138137417
