node_id,x,y,radius
1,1029,52,54.3415126767741
2,473,72,34.20526275297414
3,924,247,24.331050121192877
4,317,727,39.84971769034255
5,665,787,26.0
6,316,816,31.76476034853718
7,548,843,36.40054944640259
