node_id,x,y,radius
1,823,48,57.0
2,879,48,49.0
3,1117,93,13.892443989449804
4,1091,106,12.529964086141668
5,952,138,51.78802950489621
6,809,158,44.9221548904324
7,925,629,77.3692445355388
8,1065,644,64.07027391856539
9,1017,644,63.198101237299845
10,1076,679,59.16924876994806
11,822,689,90.47651629014017
12,988,692,34.88552708502482
13,766,755,81.0
14,418,760,28.861739379323623
15,83,858,43.01162633521314
16,177,876,28.071337695236398
17,446,884,22.47220505424423
