node_id,x,y,radius
1,133,133,36.24913792078372
2,21,443,26.68332812825267
3,564,871,21.213203435596427
4,356,877,30.083217912982647
5,187,879,21.213203435596427
