node_id,x,y,radius
1,820,50,52.0
2,876,50,52.0
3,948,132,51.15662224971465
4,810,148,50.08991914547278
5,922,641,68.11754546370561
6,1004,662,61.29437168288782
7,1067,662,61.1310068623117
8,825,677,83.21658488546619
9,822,689,92.02716990106781
10,1087,712,41.30375285612676
11,415,756,30.14962686336267
12,763,764,78.587530817554
13,81,854,43.04648650006177
14,181,879,25.0
15,880,880,25.298221281347036
16,445,885,21.37755832643195
