node_id,x,y,radius
1,125,39,46.61544808322666
2,767,40,40.70626487409524
3,725,132,39.293765408777
4,853,174,44.04543109109048
5,981,228,82.09750300709517
6,276,332,58.42088667591412
7,996,492,89.05054744357274
8,954,516,67.36467917239716
9,769,524,49.0
10,775,598,40.024992192379
11,752,689,60.53924347066124
12,1087,767,9.848857801796104
13,709,774,76.23647421018367
14,692,789,93.08598175880189
15,55,790,42.5440947723653
16,138,878,26.019223662515376
17,228,887,19.026297590440446
