node_id,x,y,radius
1,459,14,19.313207915827967
2,433,657,17.46424919657298
3,323,682,23.0
4,66,716,36.40054944640259
5,805,810,34.23448553724738
6,893,863,22.02271554554524
7,525,873,30.0
8,351,880,24.041630560342615
