node_id,x,y,radius
1,398,20,21.37755832643195
2,437,57,21.540659228538015
3,984,66,51.62363799656123
4,258,91,32.57299494980466
5,998,248,27.65863337187866
6,587,352,28.284271247461902
7,596,511,29.427877939124322
8,511,713,25.0
9,283,713,34.88552708502482
10,62,730,42.720018726587654
11,1043,784,29.410882339705484
12,905,789,25.0
