node_id,x,y,radius
1,469,17,19.0
2,515,125,26.0
3,482,209,29.274562336608895
4,219,229,25.632011235952593
5,54,257,27.202941017470888
6,285,308,33.06055050963308
7,516,322,27.0
8,47,361,29.5296461204668
9,658,387,18.681541692269406
10,225,467,25.0
11,123,484,18.681541692269406
12,298,652,40.70626487409524
13,37,760,40.024992192379
14,292,865,29.0
15,743,870,33.734255586866
16,546,889,17.26267650163207
