node_id,x,y,radius
1,468,12,13.0
2,314,35,27.0
3,1092,78,44.598206241955516
4,532,116,28.635642126552707
5,290,299,30.463092423455635
6,534,326,23.08679276123039
7,656,379,15.0
8,423,380,24.331050121192877
9,224,466,24.0
10,116,477,25.709920264364882
11,440,493,18.0
12,309,599,26.0
13,303,651,32.28002478313795
14,694,708,29.068883707497267
15,34,755,36.68787265568828
16,692,783,29.732137494637012
