node_id,x,y,radius
1,1032,34,35.0
2,278,38,41.0
3,1003,49,62.39390995922599
4,564,115,29.732137494637012
5,524,617,25.495097567963924
6,299,722,37.64306044943742
7,512,767,25.059928172283335
8,285,840,22.0
9,171,869,33.1058907144937
10,726,894,10.198039027185569
