node_id,x,y,radius
1,545,106,30.0
2,291,307,23.194827009486403
3,551,328,20.0
4,291,347,22.02271554554524
5,222,467,25.079872407968907
6,116,480,29.410882339705484
7,68,559,23.08679276123039
8,306,576,19.026297590440446
9,97,654,32.984845004941285
10,695,704,31.76476034853718
11,29,741,30.066592756745816
12,693,777,30.870698080866262
13,454,788,29.154759474226502
14,503,831,32.0624390837628
15,380,858,38.0
