node_id,x,y,radius
1,841,44,45.17742799230607
2,884,70,30.0
3,1112,104,17.0
4,960,137,37.33630940518894
5,959,178,56.356011214421486
6,984,183,51.264022471905186
7,1041,188,43.0
8,229,349,66.0
9,733,528,36.87817782917155
10,981,578,91.0
11,1020,592,82.63776376451628
12,848,617,89.81091247727082
13,844,629,85.44003745317531
14,1115,787,16.0
15,759,822,82.0
16,240,848,44.82186966202994
17,253,857,44.10215414239989
18,126,873,32.57299494980466
19,461,878,28.460498941515414
