node_id,x,y,radius
1,469,16,17.0
2,519,122,26.0
3,488,205,25.96150997149434
4,424,208,21.0
5,217,232,24.515301344262525
6,287,305,34.713109915419565
7,520,323,24.08318915758459
8,48,361,30.23243291566195
9,658,386,19.0
10,226,466,24.0
11,119,482,20.0
12,299,651,39.395431207184416
13,36,761,40.607881008493905
14,290,863,28.442925306655784
15,747,869,31.0
16,545,889,15.524174696260024
