node_id,x,y,radius
1,981,58,43.56604182158393
2,1102,82,28.792360097775937
3,368,256,29.410882339705484
4,420,431,25.298221281347036
5,131,467,29.427877939124322
6,681,472,31.304951684997057
7,363,506,33.06055050963308
8,584,513,25.0
9,1119,533,11.180339887498949
10,375,709,24.0
11,512,728,23.0
12,1122,736,6.708203932499369
13,93,878,28.231188426986208
14,710,882,22.0
