node_id,x,y,radius
1,129,21,24.698178070456937
2,974,52,39.319206502675
3,1098,82,36.05551275463989
4,128,469,27.0
5,568,520,28.792360097775937
6,103,607,30.805843601498726
7,509,732,22.360679774997898
8,569,794,32.0
9,88,879,27.202941017470888
