node_id,x,y,radius
1,262,67,32.0
2,185,108,30.805843601498726
3,500,139,27.073972741361768
4,465,208,33.0
5,49,249,26.68332812825267
6,495,316,32.01562118716424
7,275,324,33.54101966249684
8,47,357,30.870698080866262
9,770,362,28.844410203711913
10,1112,391,11.0
11,228,471,26.476404589747453
12,430,511,24.596747752497688
13,16,575,17.0
14,421,584,21.37755832643195
15,286,665,37.0
16,626,673,31.575306807693888
17,784,685,33.734255586866
18,36,721,39.05124837953327
19,301,880,25.0
