node_id,x,y,radius
1,138,26,26.1725046566048
2,966,39,33.0
3,23,79,25.317977802344327
4,1097,80,41.6293165929973
5,184,137,31.78049716414141
6,857,141,25.0
7,943,359,14.0
8,129,470,28.0
9,563,526,27.65863337187866
10,95,611,40.496913462633174
11,347,747,19.4164878389476
12,343,750,20.615528128088304
13,326,861,27.0
14,80,884,21.0
