node_id,x,y,radius
1,305,26,36.89173349139343
2,461,31,32.0
3,920,258,17.029386365926403
4,478,569,26.92582403567252
5,321,708,36.05551275463989
6,85,731,38.07886552931954
7,698,785,29.0
8,819,827,24.020824298928627
9,884,851,24.0
10,530,870,30.4138126514911
11,355,888,19.697715603592208
