node_id,x,y,radius
1,829,42,43.0
2,869,78,27.202941017470888
3,1117,122,13.45362404707371
4,951,135,26.1725046566048
5,951,190,56.60388679233962
6,1048,192,46.0
7,1084,194,45.880278987817846
8,977,196,51.86520991955976
9,241,339,69.2314957226839
10,741,522,39.01281840626232
11,991,573,94.04786015641186
12,851,597,87.66413177577246
13,1066,616,62.39390995922599
14,841,630,81.60882305241266
15,729,833,90.19977827023745
16,122,873,30.0
17,476,875,32.57299494980466
