node_id,x,y,radius
1,970,44,35.12833614050059
2,28,78,25.0
3,1098,80,41.23105625617661
4,185,139,33.54101966249684
5,563,526,26.30589287593181
6,97,611,38.897300677553446
7,349,736,17.08800749063506
8,561,797,30.805843601498726
9,83,882,23.194827009486403
