node_id,x,y,radius
1,639,29,27.459060435491963
2,737,29,33.24154027718932
3,1099,77,39.59797974644666
4,16,82,21.540659228538015
5,579,327,12.0
6,868,398,25.495097567963924
7,128,473,27.16615541441225
8,16,542,18.027756377319946
9,87,561,37.0
10,769,615,16.278820596099706
11,90,620,38.47076812334269
12,501,636,29.274562336608895
13,891,670,24.0
14,321,680,23.706539182259394
15,72,885,19.1049731745428
