node_id,x,y,radius
1,559,80,33.54101966249684
2,353,276,18.027756377319946
3,1035,300,15.231546211727817
4,1043,346,20.615528128088304
5,222,465,26.1725046566048
6,113,489,26.019223662515376
7,84,557,30.0
8,768,630,15.297058540778355
9,98,640,36.0
10,649,757,35.510561809129406
11,979,823,21.213203435596427
12,359,851,28.442925306655784
13,102,879,33.60059523282288
14,957,881,24.186773244895647
