node_id,x,y,radius
1,391,19,20.0
2,983,63,44.04543109109048
3,1110,84,21.540659228538015
4,182,135,26.0
5,365,259,26.570660511172846
6,133,466,29.410882339705484
7,365,506,39.0
8,590,512,28.861739379323623
9,397,705,36.235341863986875
10,512,725,23.0
