node_id,x,y,radius
1,302,28,38.07886552931954
2,32,310,28.231188426986208
3,482,572,27.073972741361768
4,321,712,37.33630940518894
5,1108,712,23.08679276123039
6,88,733,38.07886552931954
7,689,785,30.0
8,881,851,24.0
9,530,869,30.59411708155671
