node_id,x,y,radius
1,749,25,32.01562118716424
2,162,53,29.732137494637012
3,1099,80,38.27531841800928
4,20,83,26.248809496813376
5,579,325,17.0
6,130,471,27.073972741361768
7,12,539,15.132745950421556
8,89,562,36.0
9,91,615,39.20459156782532
10,504,631,29.068883707497267
11,889,658,22.0
12,336,851,33.06055050963308
13,73,886,18.681541692269406
