node_id,x,y,radius
1,976,54,41.30375285612676
2,1099,82,33.52610922848042
3,128,469,27.0
4,572,518,27.65863337187866
5,1115,541,13.0
6,106,604,27.294688127912362
7,511,732,22.80350850198276
8,572,797,32.0
9,89,879,28.861739379323623
10,720,880,24.0
