node_id,x,y,radius
1,757,19,27.730849247724095
2,221,62,27.85677655436824
3,1098,80,41.773197148410844
4,23,80,25.179356624028344
5,182,135,30.0
6,26,243,25.0
7,943,365,16.0
8,565,524,27.85677655436824
9,94,611,40.792156108742276
10,496,627,18.973665961010276
11,349,764,20.615528128088304
12,347,766,20.8806130178211
13,329,858,31.0
14,77,885,19.0
