node_id,x,y,radius
1,554,82,29.274562336608895
2,292,298,21.840329667841555
3,565,325,17.0
4,294,340,20.0
5,1036,340,25.0
6,227,466,24.331050121192877
7,113,487,25.495097567963924
8,79,556,28.0
9,773,632,13.0
10,97,644,34.058772731852805
11,648,764,30.0
12,455,793,26.0
13,979,818,18.681541692269406
14,362,851,31.622776601683793
15,113,880,24.351591323771842
