node_id,x,y,radius
1,451,22,26.076809620810597
2,258,68,31.0
3,179,117,28.160255680657446
4,179,122,27.16615541441225
5,132,136,17.0
6,498,143,29.120439557122072
7,461,206,34.0
8,48,247,25.079872407968907
9,492,317,30.14962686336267
10,46,356,30.870698080866262
11,229,472,26.248809496813376
12,431,515,25.632011235952593
13,16,574,16.0
14,425,584,22.0
15,283,668,34.48187929913333
16,623,673,33.0
17,786,684,37.36308338453881
18,261,793,25.96150997149434
19,300,876,21.095023109728988
