node_id,x,y,radius
1,763,38,42.20189569201838
2,124,39,47.41307836451879
3,727,128,39.05124837953327
4,138,131,46.52956049652737
5,845,174,40.70626487409524
6,980,232,83.2946576918352
7,281,336,55.731499172371095
8,995,489,90.37698822156003
9,795,547,68.8839603971781
10,757,679,57.245087125446844
11,693,785,89.0
12,1092,852,11.045361017187261
13,219,881,25.317977802344327
14,1107,894,12.083045973594572
