node_id,x,y,radius
1,398,20,21.0
2,118,48,30.4138126514911
3,983,66,49.0
4,170,136,24.596747752497688
5,999,255,26.476404589747453
6,134,469,26.248809496813376
7,597,510,31.575306807693888
8,406,712,33.24154027718932
9,282,713,32.7566787083184
10,510,717,26.0
11,62,731,42.44997055358225
12,1047,785,28.0178514522438
13,903,788,25.0
