node_id,x,y,radius
1,562,82,30.4138126514911
2,353,277,17.46424919657298
3,784,325,22.02271554554524
4,114,488,25.96150997149434
5,85,558,32.0
6,767,628,16.278820596099706
7,95,637,34.23448553724738
8,649,753,37.33630940518894
9,78,884,20.223748416156685
10,130,891,17.26267650163207
