node_id,x,y,radius
1,310,37,26.076809620810597
2,1091,79,44.77722635447622
3,528,117,27.65863337187866
4,213,235,26.076809620810597
5,289,301,33.52610922848042
6,531,326,22.80350850198276
7,419,376,23.259406699226016
8,656,381,16.278820596099706
9,224,466,24.08318915758459
10,117,477,25.495097567963924
11,301,651,35.73513677041127
12,692,709,27.85677655436824
13,35,759,38.07886552931954
14,690,787,27.51363298439521
15,289,856,27.0
