node_id,x,y,radius
1,458,11,13.341664064126334
2,275,41,39.05124837953327
3,996,61,61.032778078668514
4,565,120,32.89376840679705
5,62,650,34.92849839314596
6,919,666,21.095023109728988
7,293,717,38.07886552931954
8,274,842,25.0
