node_id,x,y,radius
1,703,39,34.713109915419565
2,566,86,25.942243542145693
3,354,277,17.029386365926403
4,116,487,26.92582403567252
5,87,559,33.0
6,767,627,16.1245154965971
7,94,633,34.36568055487916
8,78,884,20.0
