node_id,x,y,semi_major,semi_minor,angle
1,763,38,42,39,0.0
2,124,39,43,40,0.0
3,727,128,42,41,22.5
4,138,131,48,47,90.0
5,845,174,44,42,22.5
6,980,232,90,86,0.0
7,281,336,57,56,90.0
8,995,489,106,91,157.5
9,795,547,73,72,22.500000000000057
10,757,679,71,58,67.49999999999994
11,693,785,102,89,90.0
12,1092,852,13,12,90.0
13,219,881,25,23,0.0
14,1107,894,11,10,0.0
