node_id,x,y,semi_major,semi_minor,angle
1,1044,54,59,55,0.0
2,469,56,40,39,112.5
3,1074,98,55,54,90.0
4,40,315,33,31,22.500000000000057
5,1109,714,21,19,90.0
6,320,717,41,39,67.5
7,92,736,40,39,67.49999999999994
8,680,784,32,30,0.0
9,874,857,23,22,0.0
10,532,862,32,29,90.0
