node_id,x,y,semi_major,semi_minor,angle
1,127,36,40,37,0.0
2,779,41,42,41,0.0
3,725,143,33,32,0.0
4,884,163,66,56,112.5
5,1001,215,74,69,157.5
6,982,217,83,63,0.0
7,1086,219,44,42,90.0
8,261,328,68,66,157.5
9,1010,431,35,34,112.5
10,942,445,28,27,112.5
11,919,499,39,37,90.0
12,829,530,39,37,0.0
13,1059,531,69,66,22.5
14,938,548,53,45,90.0
15,838,603,62,45,0.0
16,883,604,63,45,0.0
17,1096,660,35,32,90.0
18,776,676,66,54,67.49999999999994
19,704,799,89,81,67.49999999999994
20,65,850,58,54,0.0
