node_id,x,y,semi_major,semi_minor,angle
1,1032,34,36,35,90.0
2,278,38,42,39,0.0
3,1003,49,54,50,0.0
4,564,115,32,30,157.5
5,524,617,27,26,157.5
6,299,722,41,38,67.5
7,512,767,27,25,67.49999999999994
8,285,840,24,22,0.0
9,171,869,35,34,22.500000000000057
10,726,894,11,10,0.0
