node_id,x,y,semi_major,semi_minor,angle
1,1042,32,34,33,0.0
2,279,38,41,39,0.0
3,1007,49,54,50,0.0
4,564,112,29,28,157.5
5,913,673,28,27,90.0
6,303,723,41,39,67.5
7,507,778,29,25,0.0
8,648,792,26,25,157.5
9,572,825,29,28,22.500000000000057
10,291,837,25,23,0.0
11,175,866,35,31,22.500000000000057
12,730,894,11,10,0.0
