node_id,x,y,semi_major,semi_minor,angle
1,878,111,22,21,135.0
2,940,126,22,21,67.5
3,729,155,25,24,135.0
4,868,178,38,37,22.5
5,945,191,62,61,45.0
6,1047,196,55,46,0.0
7,1083,197,49,45,90.0
8,974,201,72,54,22.500000000000057
9,243,335,72,69,0.0
10,1038,548,84,67,0.0
11,946,552,89,74,22.500000000000057
12,911,584,103,93,157.5
13,852,589,91,90,90.0
14,839,637,89,81,22.5
15,1086,660,45,42,90.0
16,717,834,76,70,0.0
17,100,864,43,40,0.0
18,486,871,36,33,0.0
