node_id,x,y,semi_major,semi_minor,angle
1,391,19,21,20,90.0
2,983,63,47,45,0.0
3,1110,84,19,18,90.0
4,182,135,29,26,0.0
5,365,259,30,27,157.5
6,133,466,31,30,67.5
7,365,506,40,39,0.0
8,590,512,31,30,22.500000000000057
9,397,705,39,37,67.49999999999994
10,512,725,25,23,90.0
